,EmployeeID,Department,Age,Gender,Education,ExperienceYears,RemoteWork,HoursPerWeek,PerformanceScore,Absences,ProjectsCompleted,Satisfaction
0,E0001,Support,36,Other,Bachelor,29,Yes,40,72,9,8,2
1,E0002,Finance,58,Other,Bachelor,17,Yes,36,91,6,7,9
2,E0003,HR,54,Female,Bachelor,1,No,34,69,0,5,2
3,E0004,Support,29,Other,High School,12,No,46,64,6,1,5
4,E0005,Marketing,26,Other,Master,3,Yes,49,99,2,9,4
5,E0006,HR,25,Female,Bachelor,25,No,38,94,8,7,7
6,E0007,HR,27,Other,Master,24,Yes,43,78,5,2,8
7,E0008,Support,53,Male,High School,29,Yes,41,57,8,6,5
8,E0009,IT,51,Male,Bachelor,10,Yes,35,90,4,2,5
9,E0010,Marketing,56,Female,Bachelor,6,Yes,46,97,6,1,2
10,E0011,Support,37,Female,Master,30,No,48,68,3,7,8
11,E0012,Marketing,34,Female,Bachelor,9,Yes,48,97,6,2,2
12,E0013,Marketing,51,Male,Bachelor,12,Yes,45,88,0,2,6
13,E0014,HR,40,Other,Master,30,No,41,95,6,5,8
14,E0015,Finance,38,Male,Bachelor,6,No,41,77,7,5,6
15,E0016,Marketing,40,Female,Bachelor,19,Yes,49,95,4,7,4
16,E0017,Operations,49,Other,High School,3,No,35,76,1,1,4
17,E0018,HR,47,Other,Master,6,Yes,33,53,4,8,6
18,E0019,IT,58,Male,High School,0,No,35,64,5,3,4
19,E0020,Finance,47,Female,Master,12,No,40,84,1,4,8
20,E0021,Operations,44,Male,Bachelor,21,No,30,86,5,9,9
21,E0022,Operations,30,Other,Master,20,Yes,44,50,5,4,1
22,E0023,IT,33,Male,Master,21,Yes,40,52,0,5,4
23,E0024,Finance,22,Male,PhD,27,Yes,48,96,0,7,4
24,E0025,HR,22,Female,Bachelor,8,Yes,47,73,9,4,2
25,E0026,Sales,55,Female,Master,25,Yes,46,76,2,1,6
26,E0027,Finance,53,Other,Bachelor,8,No,48,89,9,9,3
27,E0028,IT,46,Male,Bachelor,14,Yes,43,85,9,4,7
28,E0029,Operations,22,Male,Bachelor,9,Yes,47,83,2,9,5
29,E0030,HR,37,Male,Master,23,No,48,78,3,6,4
30,E0031,Finance,26,Other,PhD,7,Yes,44,73,1,1,5
31,E0032,Sales,43,Other,Master,23,No,44,73,8,3,8
32,E0033,Sales,50,Female,Bachelor,15,Yes,33,91,9,2,3
33,E0034,Marketing,24,Female,Bachelor,25,Yes,36,53,6,9,7
34,E0035,Marketing,33,Female,Master,26,Yes,42,52,6,1,6
35,E0036,Support,47,Male,Bachelor,3,Yes,32,83,5,9,1
36,E0037,IT,37,Male,Bachelor,23,No,45,98,2,9,7
37,E0038,Finance,58,Female,Bachelor,18,Yes,38,72,5,8,7
38,E0039,Finance,43,Male,Bachelor,9,Yes,37,72,7,8,1
39,E0040,Support,50,Female,Bachelor,24,Yes,49,94,7,1,9
40,E0041,Operations,35,Other,Bachelor,17,Yes,42,54,8,8,6
41,E0042,Operations,49,Female,High School,18,No,46,80,0,3,2
42,E0043,Support,26,Other,High School,9,Yes,46,90,0,7,5
43,E0044,Operations,51,Male,PhD,32,No,46,55,2,1,4
44,E0045,Marketing,26,Female,Bachelor,4,No,30,86,2,1,7
45,E0046,Finance,33,Male,Bachelor,34,Yes,37,59,9,5,8
46,E0047,Support,37,Other,Master,33,No,48,89,7,5,1
47,E0048,Finance,47,Other,Bachelor,32,Yes,35,56,9,8,5
48,E0049,Sales,47,Other,Master,20,Yes,32,88,0,7,3
49,E0050,Marketing,42,Male,Master,16,Yes,34,87,1,8,1
50,E0051,HR,57,Male,High School,21,No,42,70,1,6,3
51,E0052,Marketing,54,Male,Bachelor,14,No,44,69,2,6,6
52,E0053,Support,51,Male,Master,34,Yes,43,52,5,2,7
53,E0054,HR,58,Other,Master,27,No,45,71,0,6,8
54,E0055,Sales,44,Other,Bachelor,6,Yes,47,96,1,5,4
55,E0056,Support,31,Female,Bachelor,31,Yes,40,53,0,3,3
56,E0057,IT,26,Female,Bachelor,10,Yes,32,77,4,6,5
57,E0058,Finance,57,Male,PhD,9,No,39,61,6,8,9
58,E0059,Sales,55,Other,Bachelor,8,No,39,87,7,9,6
59,E0060,Finance,52,Other,Master,13,Yes,45,85,9,1,9
60,E0061,Operations,31,Other,Bachelor,12,Yes,41,96,0,3,6
61,E0062,IT,40,Female,Bachelor,24,Yes,31,90,6,3,2
62,E0063,IT,53,Female,Bachelor,1,Yes,38,54,4,8,5
63,E0064,Sales,22,Other,Bachelor,34,Yes,32,62,9,1,9
64,E0065,IT,26,Other,Bachelor,6,No,44,72,0,5,8
65,E0066,HR,25,Other,Bachelor,20,Yes,32,99,2,3,7
66,E0067,IT,37,Female,Bachelor,17,Yes,48,79,6,2,1
67,E0068,Finance,45,Other,Master,2,Yes,47,86,9,8,4
68,E0069,Finance,37,Other,Bachelor,10,No,37,74,0,3,7
69,E0070,Support,23,Male,High School,23,No,46,97,6,7,7
70,E0071,Finance,49,Male,PhD,18,Yes,37,76,4,1,6
71,E0072,Support,53,Female,Master,3,No,36,63,0,6,8
72,E0073,Finance,48,Other,Master,25,Yes,36,97,0,3,6
73,E0074,HR,41,Other,PhD,31,Yes,32,96,0,8,3
74,E0075,Support,45,Male,Bachelor,32,Yes,30,85,8,6,4
75,E0076,Marketing,33,Female,Bachelor,2,Yes,33,88,2,2,3
76,E0077,Operations,56,Male,Master,8,Yes,34,65,4,6,1
77,E0078,Sales,54,Male,Master,7,No,30,71,9,7,5
78,E0079,Finance,54,Male,Bachelor,32,No,44,70,8,5,1
79,E0080,IT,58,Male,Master,5,No,34,70,5,3,1
80,E0081,Finance,33,Other,Bachelor,3,Yes,42,57,8,4,2
81,E0082,IT,24,Other,Bachelor,12,Yes,37,98,7,4,4
82,E0083,Operations,22,Male,Bachelor,1,No,37,65,7,6,6
83,E0084,Operations,54,Female,Bachelor,4,Yes,34,80,0,1,8
84,E0085,Operations,31,Female,Bachelor,26,Yes,38,91,8,4,3
85,E0086,IT,50,Female,High School,31,Yes,30,59,5,4,1
86,E0087,Finance,34,Female,Master,20,No,33,81,8,1,3
87,E0088,Operations,33,Male,Bachelor,7,Yes,32,83,2,9,3
88,E0089,HR,52,Other,Bachelor,7,Yes,31,58,2,4,5
89,E0090,Support,23,Female,Master,2,No,37,66,5,7,4
90,E0091,IT,56,Male,PhD,2,Yes,38,60,8,3,4
91,E0092,IT,44,Female,Master,21,Yes,31,81,6,3,9
92,E0093,Finance,38,Female,Master,5,Yes,43,59,2,8,7
93,E0094,IT,47,Male,Master,1,Yes,43,71,2,8,4
94,E0095,IT,29,Other,Bachelor,22,No,33,66,1,1,3
95,E0096,Operations,50,Other,High School,1,Yes,35,53,8,2,6
96,E0097,Finance,47,Male,Bachelor,16,Yes,40,97,2,8,3
97,E0098,Operations,31,Other,Bachelor,34,No,32,96,4,1,6
98,E0099,Support,47,Male,Bachelor,33,No,37,74,8,8,9
99,E0100,Support,55,Male,Master,22,No,32,70,7,8,6
100,E0101,Operations,28,Male,Bachelor,29,Yes,43,86,1,2,4
101,E0102,Support,25,Other,High School,7,Yes,42,87,2,4,5
102,E0103,Finance,32,Male,Bachelor,21,No,42,98,1,6,6
103,E0104,Sales,50,Female,Master,4,No,31,50,7,9,3
104,E0105,Operations,57,Other,High School,12,Yes,42,74,5,8,8
105,E0106,HR,46,Other,Master,28,Yes,48,85,5,8,4
106,E0107,HR,42,Other,Bachelor,30,Yes,35,66,8,7,8
107,E0108,IT,57,Other,Bachelor,15,No,45,90,7,9,3
108,E0109,Support,31,Female,Bachelor,29,Yes,31,73,3,2,7
109,E0110,HR,58,Other,Master,15,Yes,37,51,3,3,9
110,E0111,IT,30,Other,Bachelor,11,Yes,46,89,8,8,4
111,E0112,Sales,45,Male,Master,16,No,31,64,0,6,8
112,E0113,Finance,56,Other,Bachelor,15,No,39,81,1,9,3
113,E0114,Finance,56,Female,Bachelor,11,Yes,45,88,1,4,7
114,E0115,Finance,57,Female,Master,7,No,35,55,5,8,3
115,E0116,HR,39,Female,Master,19,No,31,50,3,3,7
116,E0117,Sales,53,Female,Master,2,Yes,31,96,9,3,6
117,E0118,HR,45,Other,Master,15,Yes,42,72,2,8,2
118,E0119,Support,44,Other,Master,29,Yes,44,88,2,5,3
119,E0120,HR,53,Female,Master,22,No,31,66,2,3,6
120,E0121,Sales,58,Female,Master,27,Yes,36,83,5,1,4
121,E0122,Sales,33,Other,Master,4,No,32,90,7,3,6
122,E0123,Support,34,Female,Master,19,No,37,78,6,9,1
123,E0124,Sales,44,Male,Bachelor,0,Yes,43,58,3,5,1
124,E0125,Sales,46,Female,Master,29,No,36,62,3,2,3
125,E0126,Finance,56,Female,Bachelor,20,Yes,36,55,9,7,8
126,E0127,Support,51,Male,Master,19,Yes,30,55,1,2,8
127,E0128,Marketing,38,Male,Master,5,No,46,69,0,4,4
128,E0129,Marketing,41,Other,High School,21,No,38,52,8,7,6
129,E0130,Sales,46,Other,Master,17,Yes,42,66,1,4,8
130,E0131,Marketing,43,Male,Bachelor,7,No,48,98,7,7,7
131,E0132,Marketing,34,Male,Bachelor,31,No,48,61,8,7,7
132,E0133,Sales,40,Other,Master,32,Yes,46,97,3,1,4
133,E0134,Marketing,57,Female,Bachelor,15,No,39,96,7,6,9
134,E0135,HR,33,Male,Master,11,Yes,39,94,8,9,6
135,E0136,IT,40,Other,Master,33,Yes,33,50,9,2,3
136,E0137,Support,33,Female,Bachelor,13,Yes,37,66,9,3,5
137,E0138,IT,30,Male,High School,32,No,49,52,4,5,5
138,E0139,Sales,28,Female,Bachelor,22,No,49,75,6,9,5
139,E0140,Finance,49,Other,Bachelor,1,Yes,47,64,9,4,8
140,E0141,Support,35,Male,PhD,20,Yes,43,85,3,1,9
141,E0142,Sales,52,Female,Bachelor,1,No,47,81,0,4,9
142,E0143,Finance,40,Male,Bachelor,26,Yes,43,81,2,6,6
143,E0144,IT,37,Female,Bachelor,8,No,49,53,4,5,6
144,E0145,Sales,26,Other,Bachelor,0,No,44,67,2,1,9
145,E0146,Support,56,Other,Master,10,Yes,33,98,6,4,4
146,E0147,Support,33,Male,Bachelor,2,No,42,68,8,6,6
147,E0148,Operations,46,Female,Master,22,Yes,37,92,5,4,4
148,E0149,HR,42,Male,Bachelor,25,No,47,84,9,9,1
149,E0150,Marketing,57,Male,PhD,3,No,41,89,0,5,7
150,E0151,Finance,44,Female,Bachelor,17,No,43,63,6,8,6
151,E0152,Operations,37,Female,Bachelor,5,Yes,31,82,2,9,9
152,E0153,Marketing,35,Female,Master,34,No,47,63,4,5,7
153,E0154,Marketing,52,Other,Bachelor,21,Yes,31,83,9,6,7
154,E0155,Sales,26,Male,Master,14,Yes,40,53,3,1,2
155,E0156,Marketing,56,Male,Master,21,Yes,38,73,9,7,9
156,E0157,HR,44,Other,High School,11,Yes,41,78,4,4,9
157,E0158,Support,50,Female,Bachelor,17,Yes,46,68,4,2,6
158,E0159,Operations,32,Other,Master,34,No,44,55,5,5,3
159,E0160,Marketing,39,Other,High School,29,No,46,82,9,3,1
160,E0161,Sales,33,Other,Bachelor,23,Yes,47,98,9,6,4
161,E0162,HR,30,Male,Bachelor,29,No,35,89,5,8,3
162,E0163,IT,31,Other,Bachelor,13,Yes,46,68,7,7,1
163,E0164,Support,38,Male,High School,5,No,47,50,7,3,3
164,E0165,Support,59,Male,Master,2,No,37,54,8,8,4
165,E0166,Operations,28,Male,PhD,15,Yes,38,76,7,2,8
166,E0167,Support,34,Female,PhD,6,No,35,65,1,9,9
167,E0168,Marketing,30,Male,Master,13,Yes,34,55,9,4,3
168,E0169,Sales,48,Male,Bachelor,8,Yes,41,89,0,1,6
169,E0170,Support,23,Female,Master,14,No,40,62,9,8,5
170,E0171,Support,26,Male,High School,20,Yes,30,97,1,7,6
171,E0172,IT,50,Other,High School,34,Yes,40,84,1,5,4
172,E0173,IT,58,Other,Bachelor,1,Yes,48,68,2,5,6
173,E0174,Finance,59,Male,Bachelor,26,No,38,61,9,7,7
174,E0175,HR,40,Female,Master,1,Yes,31,65,6,5,9
175,E0176,Marketing,29,Other,Master,34,Yes,41,92,1,8,7
176,E0177,Support,22,Female,Bachelor,17,No,33,59,0,6,6
177,E0178,Support,43,Female,Bachelor,13,No,33,74,5,5,1
178,E0179,Sales,38,Other,PhD,19,Yes,47,69,8,9,2
179,E0180,Finance,28,Female,Bachelor,17,Yes,44,80,2,2,1
180,E0181,HR,46,Other,Bachelor,9,Yes,48,53,5,1,9
181,E0182,Finance,25,Female,Bachelor,24,Yes,42,93,2,8,9
182,E0183,Operations,57,Other,Master,1,Yes,48,72,0,3,7
183,E0184,HR,27,Male,Master,24,No,46,51,4,7,2
184,E0185,Support,52,Other,Bachelor,32,No,35,71,9,8,6
185,E0186,Support,40,Other,High School,30,No,45,86,3,6,4
186,E0187,HR,48,Other,Master,13,Yes,41,57,6,9,1
187,E0188,Support,31,Other,Master,0,No,48,56,5,7,1
188,E0189,Marketing,47,Female,Bachelor,15,Yes,34,63,9,5,5
189,E0190,HR,40,Male,PhD,2,No,46,52,6,8,2
190,E0191,Finance,24,Other,Bachelor,34,No,30,99,4,2,4
191,E0192,HR,34,Female,Bachelor,5,Yes,39,65,3,7,1
192,E0193,Support,49,Male,Master,24,No,44,68,6,4,4
193,E0194,Marketing,41,Male,Bachelor,12,Yes,40,67,6,9,6
194,E0195,Marketing,49,Male,Bachelor,33,No,42,65,5,1,4
195,E0196,Operations,29,Male,Bachelor,7,Yes,34,57,7,7,1
196,E0197,Finance,22,Other,Bachelor,20,Yes,30,82,3,6,7
197,E0198,IT,24,Other,PhD,33,No,41,98,9,8,2
198,E0199,IT,34,Female,Bachelor,3,Yes,40,61,4,5,9
199,E0200,HR,49,Female,Master,24,No,46,60,3,1,3
200,E0201,Operations,46,Female,Bachelor,14,Yes,33,54,0,1,8
201,E0202,Sales,54,Male,Bachelor,3,No,44,76,7,9,8
202,E0203,HR,59,Male,High School,11,No,38,61,0,6,3
203,E0204,Operations,27,Other,Master,31,Yes,49,66,4,5,4
204,E0205,Finance,53,Male,Bachelor,31,Yes,48,55,5,1,2
205,E0206,Finance,42,Male,Master,27,Yes,48,82,5,6,4
206,E0207,Finance,37,Male,Bachelor,12,Yes,41,54,4,6,9
207,E0208,Finance,42,Female,PhD,30,Yes,34,77,2,3,2
208,E0209,Finance,32,Female,Bachelor,13,No,39,63,4,8,3
209,E0210,Operations,58,Other,Master,19,No,46,54,7,1,4
210,E0211,Operations,57,Male,Master,17,No,34,82,1,1,5
211,E0212,Marketing,56,Male,Master,28,No,45,99,5,6,1
212,E0213,IT,40,Other,Master,5,No,36,97,8,1,7
213,E0214,Support,41,Male,Master,31,No,38,90,7,6,7
214,E0215,Finance,39,Male,Bachelor,28,Yes,32,68,7,1,9
215,E0216,Sales,35,Female,Bachelor,1,No,44,71,7,6,4
216,E0217,Support,36,Other,High School,22,No,45,54,6,3,6
217,E0218,Operations,52,Other,Master,18,Yes,47,51,7,8,2
218,E0219,Sales,22,Other,Bachelor,30,Yes,43,79,5,6,4
219,E0220,Sales,24,Other,Master,4,Yes,32,96,1,1,2
220,E0221,Sales,37,Female,Bachelor,18,Yes,41,88,1,5,5
221,E0222,Marketing,44,Female,Bachelor,33,No,38,53,7,8,7
222,E0223,Operations,32,Male,Bachelor,9,Yes,36,82,0,3,1
223,E0224,Sales,33,Male,Master,24,Yes,38,62,5,6,7
224,E0225,Finance,31,Male,Bachelor,1,No,42,69,5,5,6
225,E0226,HR,53,Male,Bachelor,10,Yes,47,56,3,6,6
226,E0227,Sales,37,Female,Bachelor,30,Yes,34,64,9,1,8
227,E0228,Marketing,29,Other,High School,14,Yes,42,72,2,7,8
228,E0229,Support,59,Female,Bachelor,8,No,33,63,2,9,6
229,E0230,Operations,33,Male,Bachelor,22,No,31,72,0,2,3
230,E0231,Marketing,45,Female,Master,18,Yes,45,68,2,5,5
231,E0232,Sales,49,Other,Bachelor,8,No,38,78,3,4,2
232,E0233,Operations,29,Other,Bachelor,34,Yes,38,69,4,6,5
233,E0234,HR,49,Female,High School,20,No,35,78,2,6,9
234,E0235,Sales,57,Female,High School,8,No,40,73,5,2,1
235,E0236,Marketing,47,Female,Bachelor,27,No,30,67,4,2,5
236,E0237,IT,29,Male,Bachelor,6,Yes,33,59,2,4,6
237,E0238,Finance,49,Female,Bachelor,15,No,42,90,5,1,7
238,E0239,Support,49,Female,Bachelor,15,No,42,57,5,9,9
239,E0240,Marketing,58,Female,Master,32,Yes,42,75,7,7,6
240,E0241,Operations,57,Other,Master,3,No,31,78,1,7,5
241,E0242,Sales,48,Other,Master,3,Yes,38,59,0,3,7
242,E0243,Finance,38,Male,High School,16,No,37,66,3,3,1
243,E0244,Sales,30,Male,Bachelor,28,Yes,36,51,6,1,5
244,E0245,Operations,54,Other,Bachelor,34,No,33,55,9,3,2
245,E0246,Sales,41,Other,Bachelor,6,Yes,47,54,2,3,4
246,E0247,IT,34,Other,PhD,26,Yes,32,77,2,4,7
247,E0248,Finance,49,Female,Bachelor,27,Yes,35,90,4,4,5
248,E0249,Finance,50,Female,Bachelor,21,Yes,41,54,4,3,6
249,E0250,Operations,34,Other,Bachelor,13,Yes,41,67,9,8,2
250,E0251,Support,56,Female,Master,6,Yes,37,75,2,8,3
251,E0252,IT,27,Female,Bachelor,21,Yes,30,69,8,1,7
252,E0253,Marketing,39,Male,High School,4,Yes,33,90,3,7,2
253,E0254,Sales,26,Other,Bachelor,1,Yes,40,98,2,2,6
254,E0255,HR,46,Other,Bachelor,26,No,32,76,1,1,5
255,E0256,Sales,23,Female,High School,20,Yes,42,98,9,3,1
256,E0257,Sales,31,Other,Bachelor,14,No,46,61,8,4,4
257,E0258,Marketing,51,Male,High School,20,No,39,56,3,6,2
258,E0259,Sales,26,Male,High School,9,No,41,52,2,5,4
259,E0260,IT,54,Male,Bachelor,22,Yes,44,59,6,4,1
260,E0261,IT,22,Other,Bachelor,4,No,39,83,7,8,2
261,E0262,Finance,39,Other,Bachelor,0,Yes,43,74,1,4,8
262,E0263,Operations,53,Other,Master,12,Yes,42,84,6,2,6
263,E0264,Support,32,Other,Master,20,Yes,34,65,4,3,2
264,E0265,HR,42,Other,Bachelor,25,No,35,51,4,6,6
265,E0266,Sales,47,Male,Bachelor,20,Yes,31,73,2,8,9
266,E0267,Sales,46,Female,Bachelor,17,Yes,46,59,4,8,7
267,E0268,Marketing,43,Male,Bachelor,31,No,33,87,1,9,9
268,E0269,Operations,48,Other,Master,16,No,43,71,3,7,5
269,E0270,IT,34,Male,High School,34,Yes,39,75,5,2,7
270,E0271,HR,54,Other,Master,10,Yes,32,92,0,8,7
271,E0272,Finance,55,Other,High School,20,No,32,88,9,7,3
272,E0273,IT,56,Male,Bachelor,25,Yes,44,76,3,8,7
273,E0274,Operations,22,Other,Master,3,Yes,35,78,5,3,1
274,E0275,Support,42,Female,Master,33,Yes,46,96,8,7,9
275,E0276,Finance,27,Other,Master,17,No,41,87,1,9,6
276,E0277,Support,49,Female,Master,34,No,49,69,6,3,5
277,E0278,Marketing,38,Female,Bachelor,28,No,40,76,5,6,7
278,E0279,Marketing,26,Other,Master,28,No,33,90,1,2,5
279,E0280,Sales,52,Male,High School,20,Yes,35,69,7,2,5
280,E0281,Support,26,Female,Master,12,Yes,30,93,6,5,7
281,E0282,Operations,59,Male,Bachelor,16,Yes,49,68,4,5,7
282,E0283,HR,24,Female,Master,8,Yes,45,69,4,7,3
283,E0284,Finance,44,Other,Bachelor,0,Yes,44,84,6,2,3
284,E0285,IT,58,Other,Bachelor,1,No,46,96,8,7,3
285,E0286,Operations,58,Female,Bachelor,28,No,37,51,8,5,6
286,E0287,Operations,31,Other,Master,32,No,41,79,8,6,6
287,E0288,Marketing,31,Female,High School,9,Yes,39,83,5,8,3
288,E0289,Support,40,Other,High School,20,No,44,71,9,4,3
289,E0290,Sales,38,Male,Bachelor,27,No,38,52,5,7,8
290,E0291,Sales,42,Other,Bachelor,10,Yes,31,55,2,6,8
291,E0292,Finance,35,Male,Master,33,No,34,64,0,2,7
292,E0293,Marketing,30,Other,Bachelor,7,Yes,35,76,6,8,4
293,E0294,Operations,22,Male,PhD,21,Yes,36,59,3,9,4
294,E0295,HR,34,Other,Bachelor,7,Yes,30,58,0,5,3
295,E0296,Marketing,25,Male,Bachelor,14,Yes,36,82,7,4,5
296,E0297,Finance,22,Female,Master,16,Yes,49,81,5,6,3
297,E0298,Finance,53,Female,Master,22,No,41,97,5,8,8
298,E0299,Marketing,55,Male,Bachelor,23,No,45,55,1,3,7
299,E0300,Finance,49,Other,Bachelor,18,No,45,90,0,1,3
300,E0301,Marketing,52,Male,Master,4,No,40,85,1,4,9
301,E0302,IT,29,Other,Bachelor,31,Yes,33,51,3,4,5
302,E0303,Marketing,47,Female,PhD,0,No,42,78,1,1,9
303,E0304,Support,55,Other,PhD,22,Yes,36,53,0,9,7
304,E0305,Marketing,24,Female,Master,7,Yes,33,50,6,3,7
305,E0306,Finance,33,Other,Bachelor,12,Yes,44,68,7,5,6
306,E0307,Support,22,Other,Master,7,Yes,48,75,5,6,2
307,E0308,Finance,26,Other,High School,22,Yes,38,74,3,8,9
308,E0309,Sales,51,Male,High School,0,Yes,40,59,5,6,6
309,E0310,Sales,51,Male,Bachelor,23,Yes,37,64,2,3,8
310,E0311,Support,38,Female,Bachelor,34,No,30,71,7,6,1
311,E0312,IT,44,Female,Master,23,Yes,37,97,9,1,5
312,E0313,Sales,36,Male,Master,16,Yes,42,70,1,4,1
313,E0314,Marketing,58,Female,Master,4,Yes,33,71,4,6,8
314,E0315,Finance,42,Male,Bachelor,19,No,37,85,0,7,8
315,E0316,Sales,35,Other,Bachelor,20,Yes,32,83,5,3,1
316,E0317,Sales,23,Female,Bachelor,30,Yes,38,79,1,9,9
317,E0318,IT,32,Female,PhD,10,Yes,31,74,3,7,2
318,E0319,Support,59,Male,High School,14,Yes,31,94,5,1,9
319,E0320,Support,55,Female,Master,18,Yes,42,77,9,2,1
320,E0321,Operations,59,Female,Bachelor,6,Yes,44,50,7,1,9
321,E0322,IT,55,Other,Bachelor,27,Yes,41,98,7,9,4
322,E0323,Marketing,39,Female,Master,4,Yes,33,94,5,9,9
323,E0324,Support,51,Other,Bachelor,4,Yes,37,53,3,7,7
324,E0325,Finance,36,Male,Master,29,No,38,56,7,3,6
325,E0326,IT,48,Female,Master,31,Yes,34,98,7,5,5
326,E0327,Sales,55,Other,Bachelor,7,Yes,49,58,9,4,9
327,E0328,Finance,59,Male,Bachelor,9,Yes,47,85,0,7,2
328,E0329,Finance,54,Female,Bachelor,31,No,40,68,3,9,2
329,E0330,Sales,45,Male,Master,27,Yes,44,50,3,2,9
330,E0331,IT,36,Female,Bachelor,16,Yes,38,59,6,8,3
331,E0332,Sales,51,Male,Bachelor,30,No,46,85,6,9,8
332,E0333,Operations,38,Male,Bachelor,7,Yes,41,58,7,9,9
333,E0334,Finance,26,Other,Master,24,Yes,36,94,4,7,8
334,E0335,HR,50,Male,Bachelor,8,Yes,39,95,6,9,4
335,E0336,HR,25,Female,Master,1,No,39,91,7,9,1
336,E0337,Marketing,31,Female,Master,14,Yes,42,81,8,3,4
337,E0338,Support,38,Other,Bachelor,2,No,48,81,2,4,9
338,E0339,Sales,31,Female,Bachelor,3,No,40,55,2,2,2
339,E0340,Sales,38,Female,PhD,13,Yes,42,97,3,3,3
340,E0341,Marketing,41,Female,Bachelor,24,Yes,37,87,4,5,8
341,E0342,Marketing,45,Male,Master,9,Yes,37,66,9,5,6
342,E0343,Marketing,26,Male,Bachelor,20,Yes,33,59,0,6,8
343,E0344,Finance,55,Female,Bachelor,11,Yes,44,99,6,7,7
344,E0345,Operations,27,Other,Master,26,No,40,76,8,7,5
345,E0346,Sales,23,Male,Bachelor,1,No,40,99,7,1,9
346,E0347,Finance,34,Other,Bachelor,12,No,30,84,4,2,4
347,E0348,Marketing,32,Female,Bachelor,31,Yes,46,70,3,9,6
348,E0349,Sales,44,Female,Bachelor,30,No,44,74,6,2,2
349,E0350,Finance,37,Male,Bachelor,15,No,49,77,4,6,2
350,E0351,Operations,52,Female,Bachelor,31,No,35,96,6,1,2
351,E0352,Finance,32,Male,PhD,31,Yes,44,64,0,3,7
352,E0353,Operations,37,Female,Bachelor,33,No,38,53,0,2,2
353,E0354,Marketing,29,Female,Master,10,Yes,43,78,9,3,2
354,E0355,Operations,25,Male,Bachelor,9,Yes,47,58,2,5,9
355,E0356,Sales,25,Male,Master,14,Yes,46,76,1,6,7
356,E0357,Marketing,46,Male,Bachelor,16,No,47,75,1,9,3
357,E0358,Sales,24,Female,PhD,17,No,34,68,6,4,3
358,E0359,HR,53,Female,Bachelor,8,Yes,49,77,9,7,7
359,E0360,IT,24,Other,Bachelor,24,Yes,49,66,1,6,5
360,E0361,Operations,48,Male,High School,13,Yes,38,92,3,2,6
361,E0362,IT,50,Female,Bachelor,24,Yes,40,90,1,8,8
362,E0363,IT,53,Female,Bachelor,21,Yes,30,91,5,7,9
363,E0364,Operations,40,Male,Bachelor,29,Yes,47,99,7,7,1
364,E0365,Marketing,42,Other,Master,19,No,35,69,9,8,3
365,E0366,HR,26,Male,Bachelor,20,Yes,31,94,3,1,7
366,E0367,Sales,39,Other,Bachelor,31,Yes,44,89,4,1,6
367,E0368,Finance,49,Female,Bachelor,20,Yes,43,88,3,8,7
368,E0369,Sales,43,Other,Master,34,No,34,98,2,4,8
369,E0370,Finance,42,Female,Bachelor,31,No,35,72,4,5,6
370,E0371,Sales,27,Male,Bachelor,29,No,35,96,8,8,3
371,E0372,Operations,22,Male,High School,11,Yes,47,81,7,5,2
372,E0373,HR,26,Male,Master,17,Yes,43,96,7,4,7
373,E0374,Finance,33,Other,Master,20,Yes,39,82,7,6,1
374,E0375,Support,47,Female,Bachelor,12,No,43,95,7,5,3
375,E0376,Marketing,55,Male,Master,20,No,42,54,6,7,4
376,E0377,Sales,35,Male,Master,7,No,32,92,7,7,1
377,E0378,Sales,47,Female,Bachelor,6,No,35,97,7,4,5
378,E0379,Finance,48,Male,Master,22,No,37,83,7,5,3
379,E0380,Marketing,30,Female,Bachelor,31,Yes,41,89,9,3,2
380,E0381,Marketing,47,Female,Bachelor,10,No,42,60,6,4,3
381,E0382,Operations,43,Female,Bachelor,21,Yes,40,99,0,4,8
382,E0383,Support,51,Female,High School,21,Yes,41,52,3,3,6
383,E0384,Operations,38,Female,Bachelor,24,Yes,30,82,3,5,7
384,E0385,Operations,47,Other,Master,21,Yes,46,60,4,5,6
385,E0386,Operations,57,Male,High School,27,Yes,45,65,9,7,6
386,E0387,Operations,22,Other,Bachelor,28,Yes,40,67,5,4,3
387,E0388,Operations,29,Male,Bachelor,12,Yes,42,79,3,4,8
388,E0389,HR,56,Other,Master,17,Yes,47,97,1,9,7
389,E0390,Marketing,36,Female,Bachelor,1,Yes,40,59,5,6,7
390,E0391,Operations,43,Male,Bachelor,28,Yes,41,67,7,4,6
391,E0392,Marketing,35,Male,High School,20,Yes,35,87,7,2,5
392,E0393,Marketing,47,Other,Bachelor,14,Yes,38,68,6,6,8
393,E0394,IT,49,Other,PhD,26,No,45,85,5,2,5
394,E0395,HR,44,Male,PhD,30,No,33,62,1,5,9
395,E0396,Operations,35,Other,High School,14,No,32,95,6,6,9
396,E0397,Sales,45,Other,PhD,22,No,45,52,4,4,1
397,E0398,Finance,23,Other,Bachelor,23,Yes,41,59,5,3,6
398,E0399,Support,47,Female,Master,12,No,40,87,9,7,7
399,E0400,Sales,35,Female,Bachelor,21,Yes,34,50,7,2,3
400,E0401,HR,28,Other,Bachelor,32,Yes,47,76,7,6,7
401,E0402,Finance,24,Other,Bachelor,2,No,48,95,2,4,7
402,E0403,HR,44,Female,Master,18,Yes,35,57,6,6,2
403,E0404,Marketing,39,Female,Bachelor,22,No,47,95,0,4,7
404,E0405,Finance,59,Male,High School,28,No,35,91,0,4,1
405,E0406,Marketing,56,Male,Bachelor,29,No,33,66,6,4,5
406,E0407,Sales,36,Female,Master,24,No,41,58,9,9,9
407,E0408,Sales,46,Other,Bachelor,7,Yes,48,55,8,7,7
408,E0409,Finance,58,Other,Master,15,Yes,31,92,6,3,7
409,E0410,Finance,49,Other,PhD,7,Yes,46,74,9,3,2
410,E0411,Operations,31,Other,High School,0,Yes,40,88,4,6,8
411,E0412,HR,38,Male,Master,4,No,40,98,7,6,3
412,E0413,Operations,43,Female,Bachelor,2,No,45,77,1,4,8
413,E0414,HR,47,Other,Master,0,No,31,82,8,9,3
414,E0415,Operations,46,Male,Bachelor,3,Yes,31,86,5,4,7
415,E0416,Marketing,38,Other,Master,34,Yes,37,58,8,9,2
416,E0417,Finance,34,Female,Master,31,Yes,42,67,1,4,4
417,E0418,Sales,41,Male,Master,33,Yes,39,70,2,2,6
418,E0419,HR,46,Female,Master,24,No,37,51,7,2,9
419,E0420,HR,25,Female,Bachelor,9,Yes,33,92,0,5,5
420,E0421,Sales,31,Male,Bachelor,20,Yes,44,87,9,4,9
421,E0422,Operations,24,Male,Master,26,Yes,30,89,6,7,5
422,E0423,HR,39,Male,Bachelor,26,No,40,85,6,5,8
423,E0424,Support,57,Male,High School,1,No,36,99,0,6,1
424,E0425,Marketing,43,Male,Master,12,Yes,46,92,8,4,7
425,E0426,Finance,55,Male,Master,8,Yes,49,86,7,2,4
426,E0427,Sales,29,Male,Master,21,Yes,47,64,3,9,5
427,E0428,Finance,40,Other,Bachelor,25,Yes,41,77,9,7,6
428,E0429,Support,58,Female,Master,11,No,38,67,4,4,5
429,E0430,HR,27,Male,Bachelor,16,No,34,83,1,3,1
430,E0431,HR,47,Other,Master,13,Yes,39,71,8,3,9
431,E0432,Support,55,Other,Bachelor,13,Yes,33,60,5,9,2
432,E0433,Sales,27,Other,Master,33,No,34,62,2,5,9
433,E0434,Marketing,58,Female,PhD,19,Yes,39,53,6,3,2
434,E0435,IT,54,Male,High School,10,No,40,71,8,5,9
435,E0436,Sales,43,Other,PhD,15,Yes,39,56,2,2,6
436,E0437,IT,42,Female,Bachelor,30,Yes,37,92,1,4,9
437,E0438,Support,27,Female,Master,5,Yes,31,73,6,2,6
438,E0439,Operations,27,Female,Master,18,Yes,37,53,6,2,6
439,E0440,IT,25,Other,Bachelor,3,No,45,77,3,8,2
440,E0441,Marketing,51,Male,Master,3,Yes,34,64,8,1,8
441,E0442,Operations,32,Other,Master,19,Yes,32,50,7,7,3
442,E0443,IT,51,Other,Bachelor,9,Yes,41,52,0,5,7
443,E0444,Support,52,Male,Bachelor,23,Yes,42,63,0,8,5
444,E0445,Operations,45,Male,Master,34,Yes,42,87,4,1,3
445,E0446,Support,30,Male,Master,25,Yes,39,99,5,7,1
446,E0447,IT,24,Female,Master,20,No,33,50,2,5,8
447,E0448,Support,52,Male,Master,20,Yes,38,87,8,4,3
448,E0449,Marketing,58,Other,Bachelor,9,Yes,31,87,9,7,2
449,E0450,IT,57,Male,Master,3,No,48,70,5,2,1
450,E0451,IT,45,Other,Bachelor,19,Yes,30,97,3,1,4
451,E0452,IT,52,Female,Bachelor,16,No,36,78,6,1,8
452,E0453,Sales,27,Other,High School,6,Yes,46,54,7,1,3
453,E0454,Sales,23,Other,Bachelor,3,No,32,98,8,5,1
454,E0455,Sales,41,Male,Bachelor,28,No,49,59,5,7,4
455,E0456,Marketing,49,Male,Bachelor,13,No,49,77,5,2,9
456,E0457,Operations,32,Other,Master,2,No,32,70,7,8,1
457,E0458,Support,25,Male,Bachelor,23,Yes,32,99,4,4,2
458,E0459,HR,36,Female,Bachelor,15,No,46,56,2,3,9
459,E0460,IT,27,Female,Bachelor,3,Yes,36,52,2,8,2
460,E0461,Support,51,Male,Bachelor,23,Yes,43,94,5,2,3
461,E0462,IT,59,Female,Bachelor,33,Yes,46,96,1,3,7
462,E0463,Marketing,23,Male,High School,29,Yes,47,69,5,3,3
463,E0464,IT,36,Other,Bachelor,17,Yes,42,68,5,1,9
464,E0465,Sales,32,Other,Master,18,Yes,49,84,7,6,6
465,E0466,HR,29,Female,Bachelor,30,Yes,49,53,6,2,3
466,E0467,Finance,47,Male,Bachelor,18,No,47,54,7,1,9
467,E0468,IT,26,Male,Bachelor,18,No,33,50,8,2,1
468,E0469,Support,27,Female,Master,21,Yes,30,53,5,6,3
469,E0470,Sales,47,Other,Bachelor,23,Yes,47,61,2,4,1
470,E0471,Finance,25,Female,Bachelor,11,Yes,30,76,9,6,2
471,E0472,HR,40,Other,High School,29,Yes,42,91,2,9,8
472,E0473,Finance,41,Male,Bachelor,30,Yes,49,72,0,8,7
473,E0474,Sales,54,Other,Bachelor,18,Yes,49,74,4,1,2
474,E0475,Operations,41,Female,Bachelor,29,Yes,39,70,3,8,2
475,E0476,Operations,33,Male,Bachelor,32,No,40,73,8,9,9
476,E0477,Finance,22,Female,Bachelor,17,Yes,38,74,8,6,6
477,E0478,Marketing,47,Female,Bachelor,27,Yes,38,94,4,5,5
478,E0479,Support,35,Other,Master,10,Yes,34,95,9,6,6
479,E0480,Support,59,Female,Master,32,Yes,30,81,3,6,9
480,E0481,Finance,58,Other,Master,16,Yes,46,81,6,9,7
481,E0482,IT,32,Male,PhD,5,No,31,54,5,4,9
482,E0483,IT,57,Other,High School,3,Yes,42,85,3,2,4
483,E0484,Support,34,Male,Bachelor,19,Yes,38,95,9,9,2
484,E0485,Support,24,Other,High School,26,No,33,91,1,2,8
485,E0486,Operations,54,Female,Bachelor,14,No,34,98,0,9,4
486,E0487,Marketing,27,Other,Master,5,No,40,91,3,2,9
487,E0488,Sales,31,Other,Bachelor,13,Yes,48,88,3,8,4
488,E0489,IT,26,Male,Master,10,No,32,65,0,9,8
489,E0490,Support,44,Female,High School,8,Yes,41,82,5,9,9
490,E0491,Operations,31,Other,Master,25,Yes,48,98,3,9,9
491,E0492,HR,23,Female,Bachelor,15,Yes,48,70,0,2,4
492,E0493,Operations,34,Other,Bachelor,4,Yes,42,58,0,4,1
493,E0494,IT,23,Other,Bachelor,9,Yes,36,55,0,7,3
494,E0495,IT,41,Female,Bachelor,2,Yes,44,94,7,2,9
495,E0496,Operations,22,Other,Bachelor,12,No,36,84,9,1,4
496,E0497,Sales,58,Female,Bachelor,29,No,37,88,7,3,5
497,E0498,Finance,30,Other,Master,5,No,34,71,1,4,7
498,E0499,IT,38,Male,Bachelor,16,Yes,43,90,6,8,5
499,E0500,Operations,30,Female,Bachelor,18,No,33,54,7,6,4
